{
  "word-order": "svo",
  "index-create-account": "Create Account",
  "index-create-account-prompt-1": "Log in to access this feature!",
  "index-set-account-name": "Set your account name",
  "index-enter-name": "Enter name",
  "index-finish": "Finish",
  "index-reset-stats": "Reset Stats",
  "index-reset-stats-desc": "Enter \"RESET STATS\" to reset your stats:",
  "index-reset-stats-desc-2": "(This does not reset pass progress.)",
  "index-delete-account": "Delete Account",
  "index-delete-account-desc": "Enter \"DELETE\" to delete your account:",
  "index-confirm": "Confirm",
  "index-confirm-all": "Confirm All",
  "index-customize-avatar": "Customize Avatar",
  "index-done": "Done",
  "index-account": "Account",
  "index-log-in-with": "Log in with",
  "index-google": "Google",
  "index-twitch": "Twitch",
  "index-github": "Github",
  "index-mock": "Fake Auth",
  "index-discord": "Discord",
  "index-my-stats": "My Stats",
  "index-link-account": "Link Account",
  "index-log-out": "Log Out",
  "index-change-avatar": "Change Avatar",
  "index-change-account-name": "Change Account Name",
  "index-back": "Back",
  "index-link-account-to": "Link account to",
  "index-log-in-desc": "Log In / Create Account",
  "index-logging-in": "Logging in",
  "index-leaderboards": "Leaderboards",
  "index-slogan": "2d Battle Royale",
  "index-region": "Region",
  "index-local": "Local",
  "index-north-america": "[NA-E] Ashburn, Virginia",
  "index-north-america-west": "[NA-W] Hillsboro, Oregon",
  "index-europe": "[EU-C] Nuremberg, Germany",
  "index-asia": "[AS-C] Singapore",
  "index-south-america": "[SA-C] Lime, Peru",
  "index-korea": "South Korea",
  "index-colombia": "Colombia",
  "index-brazil": "Brazil",
  "index-australia": "Australia",
  "index-veitnam": "Vietnam",
  "index-south-africa": "South Africa",
  "index-russia": "Russia",
  "index-africa": "Africa",
  "index-texas": "Texas",
  "index-players": "players",
  "index-play-solo": "Play Solo",
  "index-play-duo": "Play Duo",
  "index-play-squad": "Play Squad",
  "index-join-team": "Join Team",
  "index-create-team": "Create Team",
  "index-leave-team": "Leave Team",
  "index-joining-team": "Joining Team",
  "index-creating-team": "Creating Team",
  "index-invite-link": "Invite link",
  "index-invite-code": "Invite code",
  "index-join-team-help": "Got a team link or code? Paste it here:",
  "index-solo": "Solo",
  "index-duo": "Duo",
  "index-squad": "Squad",
  "index-auto-fill": "Auto Fill",
  "index-no-fill": "No Fill",
  "index-waiting-for-leader": "Waiting for leader to start game",
  "index-joining-game": "Joining game",
  "index-game-in-progress": "Game in progress",
  "index-play": "Play",
  "index-customize-loadout": "Customize Emotes",
  "index-twitter-follow": "Twitter Follow",
  "index-youtube-subscribe": "YouTube Subscribe",
  "index-facebook-like": "Facebook Like",
  "index-featured-youtuber": "Featured YouTuber",
  "index-streaming-live": "Streaming Live!",
  "index-viewer": "viewer",
  "index-viewers": "viewers",
  "index-settings": "Settings",
  "index-high-resolution": "High resolution (check to increase visual quality)",
  "index-client-side-interp": "Client side interpolation",
  "index-client-side-rotation": "Client side player rotation",
  "index-screen-shake": "Screen shake",
  "index-anon-player-names": "Anonymize player names",
  "index-master-volume": "Master Volume",
  "index-sfx-volume": "SFX Volume",
  "index-music-volume": "Music Volume",
  "index-mobile-announce": "Now available on mobile!",
  "index-mobile-tooltip": "Visit <span>survev.io</span> on your mobile device to play on the go!",
  "index-version": "ver",
  "index-privacy": "privacy",
  "index-attributions": "attributions",
  "index-team-is-full": "Team is full!",
  "index-team-kicked": "You were kicked from the team!",
  "index-failed-joining-team": "Failed joining team.",
  "index-failed-creating-team": "Failed creating team.",
  "index-failed-finding-game": "Failed finding game.",
  "index-failed-joining-game": "Failed joining game.",
  "index-rate-limited": "Rate limited.",
  "index-lost-connection": "Lost connection to team.",
  "index-host-closed": "Host closed the connection.",
  "index-invalid-protocol": "Old client version.",
  "index-ip-banned": "Your IP has been banned.",
  "index-behind-proxy": "Proxies and VPNs are not allowed, please disable them.",
  "index-invalid-captcha": "Failed verifying captcha.",
  "index-invalid-role": "You don't have a server role.",
  "index-view-more": "View More",
  "index-back-to-main": "Back to Main Menu",
  "index-most-kills": "Most kills",
  "index-total-kills": "Total kills",
  "index-total-wins": "Total wins",
  "index-top-5-percent": "Top 5 percent",
  "index-kill-death-ratio": "Kill-death ratio",
  "index-mode": "Mode",
  "index-for": "For",
  "index-today": "Today",
  "index-this-week": "This week",
  "index-all-time": "All time",
  "index-top-100": "TOP 100",
  "index-rank": "Rank",
  "index-player": "Player",
  "index-total-games": "Total Games",
  "index-controls": "Controls",
  "index-movement": "Movement",
  "index-movement-ctrl": "W, A, S, D",
  "index-aim": "Aim",
  "index-aim-ctrl": "Mouse",
  "index-punch": "Melee",
  "index-shoot": "Shoot",
  "index-shoot-ctrl": "Left-Click",
  "index-change-weapons": "Change Weapons",
  "index-change-weapons-ctrl": "1 through 4 or Scroll Wheel",
  "index-stow-weapons": "Stow Weapons (Melee Mode)",
  "index-stow-weapons-ctrl": "3 or E",
  "index-swap-weapons": "Swap to Previous Weapon",
  "index-swap-weapons-ctrl": "Q",
  "index-swap-weapon-slots": "Switch Gun Slots",
  "index-swap-weapon-slots-ctrl": "T or drag gun to other slot",
  "index-reload": "Reload",
  "index-reload-ctrl": "R",
  "index-scope-zoom": "Scope Zoom",
  "index-scope-zoom-ctrl": "Left-Click on Zoom",
  "index-pickup": "Pickup",
  "index-loot": "Loot",
  "index-revive": "Revive",
  "index-pickup-ctrl": "F",
  "index-use-medical": "Use Medical Item",
  "index-use-medical-ctrl": "Left-Click on Item or 7 through 0",
  "index-drop-item": "Drop Item",
  "index-drop-item-ctrl": "Right-Click on Item",
  "index-cancel-action": "Cancel Action",
  "index-cancel-action-ctrl": "X",
  "index-view-map": "View Map",
  "index-view-map-ctrl": "M or G",
  "index-toggle-minimap": "Toggle Minimap",
  "index-toggle-minimap-ctrl": "V",
  "index-use-ping": "Use Team Ping Wheel",
  "index-use-ping-ctrl": "Hold C, then hold Right-Click and drag mouse, then release Right-Click",
  "index-use-emote": "Use Emote Wheel",
  "index-use-emote-ctrl": "Hold Right-Click and drag mouse, then release Right-Click",
  "index-how-to-play": "How to Play",
  "index-tips-1-desc": "The goal of survev.io is to be the last player standing. You only live once per game - there is no respawn!",
  "index-tips-2": "2D PUBG",
  "index-tips-2-desc": "If you've played other battle royale games like PUBG, Fortnite or Apex Legends, then you're already halfway there! Think of survev.io as 2D PUBG (with slightly less desync and more chicken).",
  "index-tips-3": "Loot and Kill",
  "index-tips-3-desc": "You'll begin the game with no items other than a simple backpack. Move around the map to find loot: weapons, ammo, scopes, and medical items. Eliminate other players and you can take their loot!",
  "index-tips-4": "Red = Bad!",
  "index-tips-4-desc": "Players aren't the only thing that can hurt you. The deadly red zone will move in from the sides of the map and deal increasingly greater damage if you stand in it. Keep an eye on the map and stay safe.",
  "index-movement-ctrl-touch": "Left stick",
  "index-aim-ctrl-touch": "Right stick",
  "index-shoot-ctrl-touch": "Drag right stick outside stick border",
  "index-change-weapons-ctrl-touch": "Tap weapon slot",
  "index-reload-ctrl-touch": "Tap equipped ammo counter",
  "index-scope-zoom-ctrl-touch": "Tap zoom item",
  "index-pickup-ctrl-touch": "Tap interaction button or loot name",
  "index-use-medical-ctrl-touch": "Tap medical item",
  "index-drop-item-ctrl-touch": "Touch and hold item",
  "index-cancel-action-ctrl-touch": "Tap interaction button",
  "index-view-map-ctrl-touch": "Tap minimap",
  "index-use-ping-ctrl-touch": "View map and tap anywhere on map",
  "index-use-emote-ctrl-touch": "Tap surviv icon",
  "index-loadout": "Loadout",
  "loadout-title-outfit": "Outfit Skin",
  "loadout-title-melee": "Melee Skin",
  "loadout-title-emote": "Emotes",
  "loadout-title-heal": "Heal Particles",
  "loadout-title-boost": "Boost Particles",
  "loadout-title-crosshair": "Crosshair",
  "loadout-title-player_icon": "Player Icon",
  "loadout-newest": "Newest",
  "loadout-alpha": "Alpha",
  "loadout-rarity": "Rarity",
  "loadout-size": "Size",
  "loadout-stroked": "Stroked",
  "loadout-stock": "Stock",
  "loadout-common": "Common",
  "loadout-uncommon": "Uncommon",
  "loadout-rare": "Rare",
  "loadout-epic": "Epic",
  "loadout-mythic": "Mythic",
  "loadout-acquired": "Acquired",
  "loadout-category": "Category",
  "loadout-standard-issue": "Standard Issue",
  "loadout-new-account": "Account Created",
  "quest-login-prompt": "Log in to get quests!",
  "quest-refresh-prompt": "Get a new quest?",
  "pass_survivr1": "Survivr Pass 1",
  "quest_top_solo": "Top 10 in solos",
  "quest_top_duo": "Top 8 in duos",
  "quest_top_squad": "Top 5 in squads",
  "quest_kills": "Kill enemies",
  "quest_kills_hard": "Kill enemies",
  "quest_damage": "Damage enemies",
  "quest_damage_hard": "Damage enemies",
  "quest_survived": "Survived time",
  "quest_damage_9mm": "9mm damage",
  "quest_damage_762mm": "7.62mm damage",
  "quest_damage_556mm": "5.56mm damage",
  "quest_damage_12gauge": "12 gauge damage",
  "quest_damage_grenade": "Grenade damage",
  "quest_damage_melee": "Melee damage",
  "quest_heal": "Use healing items",
  "quest_boost": "Use adrenaline items",
  "quest_airdrop": "Unlock air drops",
  "quest_crates": "Destroy crates",
  "quest_toilets": "Destroy toilets",
  "quest_furniture": "Destroy furniture",
  "quest_barrels": "Destroy barrels",
  "quest_lockers": "Destroy lockers",
  "quest_pots": "Destroy pots",
  "quest_vending": "Destroy soda machines",
  "quest_club_kills": "Kill enemies at: club",
  "game-alive": "Alive",
  "game-reloading": "Reloading",
  "game-use": "Use",
  "game-using": "Using",
  "game-reviving": "Reviving",
  "game-revive-teammate": "Revive Teammate",
  "game-revive-self": "Revive Self",
  "game-equip": "Equip",
  "game-cancel": "Cancel",
  "game-open-door": "Open Door",
  "game-close-door": "Close Door",
  "game-unlock": "Unlock",
  "game-You": "You",
  "game-you": "you",
  "game-themselves": "themselves",
  "game-yourself": "yourself",
  "game-you-died": "died",
  "game-player-died": "died",
  "game-with": "with",
  "game-knocked-out": "knocked out",
  "game-killed": "killed",
  "game-finally-killed": "finally killed",
  "game-finally-bled-out": "finally bled out",
  "game-died-outside": "died outside the safe zone",
  "game-the-red-zone": "The red zone",
  "game-crushed": "crushed",
  "game-the-air-drop": "The air drop",
  "game-the-air-strike": "The air strike",
  "game-an-air-strike": "an air strike",
  "game-waiting-for-players": "Waiting for players",
  "game-spectating": "Spectating",
  "game-red-zone-advances": "Red zone advances in",
  "game-red-zone-advancing": "Red zone advancing! Move to the safe zone",
  "game-seconds": "seconds",
  "game-minutes": "minutes",
  "game-minute": "minute",
  "game-m": "m",
  "game-s": "s",
  "game-not-enough-space": "Not enough space!",
  "game-item-already-owned": "Item already owned!",
  "game-item-already-equipped": "Item already equipped!",
  "game-better-item-equipped": "Better item equipped!",
  "game-gun-cannot-fire": "Gun cannot be fired here!",
  "game-waiting-for-new-leader": "Waiting for new leader",
  "game-waiting-for-hunted": "Searching for the Hunted",
  "game-play-new-game": "Play New Game",
  "game-spectate": "Spectate",
  "game-full-screen": "Full Screen",
  "game-aim-line": "Aim Line",
  "game-sound": "Sound",
  "game-quit-game": "Quit Game",
  "game-return-to-game": "Return to Game",
  "game-hide-match-stats": "Hide Match Stats",
  "game-view-match-stats": "View Match Stats",
  "game-previous-teammate": "Previous Teammate",
  "game-next-teammate": "Next Teammate",
  "game-spectate-previous": "Previous Player",
  "game-spectate-next": "Next Player",
  "game-leave-game": "Leave Game",
  "game-your-results": "Your Results",
  "game-chicken": "Winner winner chicken dinner!",
  "game-turkey": "Winner winner turkey dinner!",
  "game-won-the-game": "won the game.",
  "game-team-eliminated": "Your team was eliminated.",
  "game-solo-rank": "Solo Rank",
  "game-duo-rank": "Duo Rank",
  "game-trio-rank": "Trio Rank",
  "game-squad-rank": "Squad Rank",
  "game-rank": "Rank",
  "game-team-rank": "Team Rank",
  "game-team-kills": "Team Kills",
  "game-kill": "Kill",
  "game-kills": "Kills",
  "game-damage-dealt": "Damage Dealt",
  "game-damage-taken": "Damage Taken",
  "game-survived": "Survived",
  "game-backpack00": "Pouch",
  "game-backpack01": "Small Pack",
  "game-backpack02": "Regular Pack",
  "game-backpack03": "Military Pack",
  "game-bandage": "Bandage",
  "game-bandage-tooltip": "Left-click to restore 15 health.",
  "game-healing-tooltip": "Cannot heal past 75 health.",
  "game-healthkit": "Med Kit",
  "game-healthkit-tooltip": "Left-click to restore 100 health.",
  "game-soda": "Soda",
  "game-soda-tooltip": "Left-click to boost adrenaline by 25.",
  "game-adrenaline-tooltip": "Adrenaline restores health over time.",
  "game-painkiller": "Pills",
  "game-painkiller-tooltip": "Left-click to boost adrenaline by 50.",
  "game-9mm": "9mm",
  "game-9mm-tooltip": "Ammo for M9, MP5, G18C, MAC-10, M93R, UMP9, Vector, P30L, VSS and CZ-3A1.",
  "game-12gauge": "12 gauge",
  "game-12gauge-tooltip": "Ammo for M870, M1100, MP220, SPAS-12, Saiga-12, Super 90 and USAS-12.",
  "game-762mm": "7.62mm",
  "game-762mm-tooltip": "Ammo for OT-38, AK-47, Groza, DP-28, BAR M1918, SCAR-H, M39 EMR, BLR 81, Mosin-Nagant, M1 Garand, SVD-63, SV-98, AN-94 and PKP Pecheneg.",
  "game-556mm": "5.56mm",
  "game-556mm-tooltip": "Ammo for M416, FAMAS, Mk 12 SPR, Scout Elite, L86A2, QBB-97, M4A1-S and M249.",
  "game-50AE": ".50 AE",
  "game-50AE-tooltip": "Ammo for DEagle 50.",
  "game-308sub": ".308 Subsonic",
  "game-308sub-tooltip": "Ammo for AWM-S and Mk 20 SSR.",
  "game-flare": "Flare",
  "game-flare-tooltip": "Ammo for Flare Gun.",
  "game-45acp": ".45 ACP",
  "game-45acp-tooltip": "Ammo for M1911, M1A1, Peacemaker, Model 94, Vector and Mk45G.",
  "game-chest01": "Level 1 Vest",
  "game-chest02": "Level 2 Vest",
  "game-chest03": "Level 3 Vest",
  "game-chest04": "Level 4 Vest",
  "game-helmet01": "Level 1 Helmet",
  "game-helmet02": "Level 2 Helmet",
  "game-helmet03": "Level 3 Helmet",
  "game-helmet03_leader": "Commander Helmet",
  "game-helmet03_forest": "Shishigami no Kabuto",
  "game-helmet03_moon": "Tsukuyomi no Kabuto",
  "game-helmet03_lt": "Lieutenant Helmet",
  "game-helmet03_lt_aged": "Lieutenant Helmet",
  "game-helmet03_potato": "K-pot-ato",
  "game-helmet03_marksman": "Marksman Helmet",
  "game-helmet04_lone_survivr": "Lone Survivr Helmet",
  "game-helmet04_leader": "Commander Helmet",
  "game-helmet04_captain": "Captain Helmet",
  "game-1xscope": "1x Scope",
  "game-2xscope": "2x Scope",
  "game-4xscope": "4x Scope",
  "game-8xscope": "8x Scope",
  "game-15xscope": "15x Scope",
  "game-level-1": "Lvl. 1",
  "game-level-2": "Lvl. 2",
  "game-level-3": "Lvl. 3",
  "game-level-4": "Lvl. 4",
  "game-outfitBase": "Basic Outfit",
  "game-outfitRoyalFortune": "Royal Fortune",
  "game-outfitKeyLime": "Key Lime",
  "game-outfitCobaltShell": "Cobalt Shell",
  "game-outfitCarbonFiber": "Carbon Fiber",
  "game-outfitDarkGloves": "The Professional",
  "game-outfitDarkShirt": "The Semi-Pro",
  "game-outfitGhillie": "Ghillie Suit",
  "game-outfitCamo": "Forest Camo",
  "game-outfitRed": "Target Practice",
  "game-outfitWhite": "Arctic Avenger",
  "game-outfitWoodland": "Woodland Combat",
  "game-outfitJester": "Jester's Folly",
  "game-outfitPrisoner": "The New Black",
  "game-outfitCasanova": "Casanova Silks",
  "game-outfitKhaki": "The Initiative",
  "game-outfitCoral": "Coral Guise",
  "game-outfitAqua": "Aquatic Avenger",
  "game-outfitIslander": "Island Time",
  "game-outfitMeteor": "Falling Star",
  "game-outfitHeaven": "Celestial Garb",
  "game-outfitWaterElem": "Water Elemental",
  "game-outfitVerde": "Poncho Verde",
  "game-outfitLumber": "Woodcutter's Wrap",
  "game-outfitImperial": "Imperial Seal",
  "game-outfitPineapple": "Valiant Pineapple",
  "game-outfitTarkhany": "Tarkhany Regal",
  "game-outfitDesertCamo": "Desert Camo",
  "game-outfitDesertGhillie": "Desert Ghillie",
  "game-outfitElf": "Tallow's Little Helper",
  "game-outfitSpetsnaz": "Siberian Assault",
  "game-outfitDarkGhillie": "Incursion Ghillie",
  "game-outfitRedLeaderAged": "Red Victorious",
  "game-outfitBlueLeaderAged": "Stifled Blue",
  "game-outfitWoodsCloak": "Greencloak",
  "game-outfitSpringGhillie": "Vernal Ghillie",
  "game-outfitNoir": "Neo Noir",
  "game-outfitSummerGhillie": "Verdant Ghillie",
  "game-outfitWheat": "Splintered Wheat",
  "game-outfitDev": "Developer Swag",
  "game-outfitMod": "Discord Moderatr",
  "game-outfitParma": "PARMA Jumpsuit",
  "game-outfitParmaPrestige": "The Core Jumpsuit",
  "game-outfitTurkey": "Fowl Facade",
  "game-outfitBarrel": "Fish in a Barrel",
  "game-outfitWoodBarrel": "Fish in a Wood Barrel",
  "game-outfitStone": "Stoneskin",
  "game-outfitSpringTree": "Barkskin",
  "game-outfitHalloweenTree": "Barkskin",
  "game-outfitTreeSpooky": "Spoopy Barkskin",
  "game-outfitStump": "Dead Wood",
  "game-outfitBush": "Bush Wookie",
  "game-outfitLeafPile": "Sneaky Leaf",
  "game-outfitCrate": "Guy in a Box",
  "game-outfitTable": "Yard Sale",
  "game-outfitSoviet": "Comrade in a Box",
  "game-outfitAirdrop": "Hot Drop",
  "game-outfitOven": "Half-baked",
  "game-outfitRefrigerator": "Cold Fusion",
  "game-outfitVending": "OKAMI Cola Machine",
  "game-outfitPumpkin": "Pumpkin Head",
  "game-outfitWoodpile": "Deader Wood",
  "game-outfitToilet": "Size Two",
  "game-outfitBushRiver": "Lilyveil",
  "game-outfitCrab": "Crabby Camo",
  "game-outfitStumpAxe": "Axe-querade",
  "game-fists": "Fists",
  "game-knuckles_rusted": "Knuckles Rusted",
  "game-hud-knuckles_rusted": "Knuckles",
  "game-knuckles_heroic": "Knuckles Heroic",
  "game-hud-knuckles_heroic": "Knuckles",
  "game-karambit_rugged": "Karambit Rugged",
  "game-hud-karambit_rugged": "Karambit",
  "game-karambit_prismatic": "Karambit Prismatic",
  "game-hud-karambit_prismatic": "Karambit",
  "game-karambit_drowned": "Karambit Drowned",
  "game-hud-karambit_drowned": "Karambit",
  "game-karambit_winner": "Karambit Winner",
  "game-hud-karambit_winner": "Karambit",
  "game-bayonet_rugged": "Bayonet Rugged",
  "game-hud-bayonet_rugged": "Bayonet",
  "game-bayonet_woodland": "Bayonet Woodland",
  "game-hud-bayonet_woodland": "Bayonet",
  "game-huntsman_rugged": "Huntsman Rugged",
  "game-hud-huntsman_rugged": "Huntsman",
  "game-huntsman_burnished": "Huntsman Burnished",
  "game-hud-huntsman_burnished": "Huntsman",
  "game-bowie_vintage": "Bowie Vintage",
  "game-hud-bowie_vintage": "Bowie",
  "game-bowie_frontier": "Bowie Frontier",
  "game-hud-bowie_frontier": "Bowie",
  "game-woodaxe": "Wood Axe",
  "game-woodaxe_bloody": "Wood Axe Bloodstained",
  "game-hud-woodaxe_bloody": "Wood Axe",
  "game-fireaxe": "Fire Axe",
  "game-katana": "Katana",
  "game-katana_rusted": "Katana Rusted",
  "game-hud-katana_rusted": "Katana",
  "game-katana_orchid": "Katana Orchid",
  "game-hud-katana_orchid": "Katana",
  "game-naginata": "Naginata",
  "game-hud-naginata": "Naginata",
  "game-machete_taiga": "Machete Taiga",
  "game-hud-machete_taiga": "Machete",
  "game-kukri_trad": "Tallow's Kukri",
  "game-hud-kukri_trad": "Kukri",
  "game-bonesaw_rusted": "Bonesaw Rusted",
  "game-hud-bonesaw_rusted": "Bonesaw",
  "game-crowbar_recon": "Crowbar Carbon",
  "game-hud-crowbar_recon": "Crowbar",
  "game-stonehammer": "Stone Hammer",
  "game-sledgehammer": "Sledgehammer",
  "game-hook": "Hook",
  "game-pan": "Pan",
  "game-crowbar_scout": "Scouting Crowbar",
  "game-hud-crowbar_scout": "Crowbar",
  "game-bonesaw_healer": "The Separator",
  "game-hud-bonesaw_healer": "Bonesaw",
  "game-kukri_sniper": "Marksman's Recurve",
  "game-hud-kukri_sniper": "Kukri",
  "game-katana_demo": "Hakai no Katana",
  "game-hud-katana_demo": "Katana",
  "game-spade_assault": "Trench Spade",
  "game-hud-spade_assault": "Spade",
  "game-warhammer_tank": "Panzerhammer",
  "game-hud-warhammer_tank": "War Hammer",
  "game-ak47": "AK-47",
  "game-scar": "SCAR-H",
  "game-an94": "AN-94",
  "game-groza": "Groza",
  "game-grozas": "Groza-S",
  "game-dp28": "DP-28",
  "game-mosin": "Mosin-Nagant",
  "game-sv98": "SV-98",
  "game-m39": "M39 EMR",
  "game-garand": "M1 Garand",
  "game-svd": "SVD-63",
  "game-blr": "BLR 81",
  "game-mp5": "MP5",
  "game-mac10": "MAC-10",
  "game-ump9": "UMP9",
  "game-vector": "Vector",
  "game-vector45": "Vector",
  "game-scorpion": "CZ-3A1",
  "game-vss": "VSS",
  "game-m870": "M870",
  "game-m1100": "M1100",
  "game-m1014": "Super 90",
  "game-mp220": "MP220",
  "game-usas": "USAS-12",
  "game-saiga": "Saiga-12",
  "game-spas12": "SPAS-12",
  "game-m9": "M9",
  "game-m9_dual": "Dual M9",
  "game-hud-m9_dual": "M9",
  "game-m9_cursed": "M9 Cursed",
  "game-m93r": "M93R",
  "game-m93r_dual": "Dual M93R",
  "game-hud-m93r_dual": "M93R",
  "game-glock": "G18C",
  "game-glock_dual": "Dual G18C",
  "game-hud-glock_dual": "G18C",
  "game-p30l": "P30L",
  "game-p30l_dual": "Dual P30L",
  "game-ot38": "OT-38",
  "game-ot38_dual": "Dual OT-38",
  "game-hud-ot38_dual": "OT-38",
  "game-ots38": "OTs-38",
  "game-ots38_dual": "Dual OTs-38",
  "game-hud-ots38_dual": "OTs-38",
  "game-deagle": "DEagle 50",
  "game-deagle_dual": "Dual DEagle 50",
  "game-hud-deagle_dual": "DEagle 50",
  "game-flare_gun": "Flare Gun",
  "game-flare_gun_dual": "Dual Flare Gun",
  "game-hud-flare_gun_dual": "Flare Gun",
  "game-famas": "FAMAS",
  "game-hk416": "M416",
  "game-m4a1": "M4A1-S",
  "game-mk12": "Mk 12 SPR",
  "game-m249": "M249",
  "game-qbb97": "QBB-97",
  "game-scout_elite": "Scout Elite",
  "game-l86": "L86A2",
  "game-awc": "AWM-S",
  "game-scarssr": "Mk 20 SSR",
  "game-model94": "Model 94",
  "game-colt45": "Peacemaker",
  "game-colt45_dual": "Dual Peacemaker",
  "game-hud-colt45_dual": "Peacemaker",
  "game-mkg45": "Mk45G",
  "game-m1911": "M1911",
  "game-m1911_dual": "Dual M1911",
  "game-hud-m1911_dual": "M1911",
  "game-m1a1": "M1A1",
  "game-bar": "BAR M1918",
  "game-pkp": "PKP Pecheneg",
  "game-pkm": "PKM",
  "game-m134": "M134",
  "game-frag": "Frag Grenade",
  "game-hud-frag": "Frag",
  "game-smoke": "Smoke Grenade",
  "game-hud-smoke": "Smoke",
  "game-mirv": "MIRV Grenade",
  "game-hud-mirv": "MIRV",
  "game-mirv_mini": "MIRV Grenade",
  "game-martyr_nade": "Martyrdom",
  "game-strobe": "Strobe",
  "game-hud-strobe": "Strobe",
  "game-snowball": "Snowball",
  "game-hud-snowball": "Snowball",
  "game-snowball_heavy": "Snowball",
  "game-potato": "Potato",
  "game-hud-potato": "Potato",
  "game-potato_heavy": "Potato",
  "game-potato_cannon": "Potato Cannon",
  "game-potato_cannonball": "Potato Cannon",
  "game-potato_smg": "Spud Gun",
  "game-potato_smgshot": "Spud Gun",
  "game-bugle": "Bugle",
  "game-barrel_01": "a barrel",
  "game-barrel_01b": "a barrel",
  "game-silo_01": "a silo",
  "game-oven_01": "an oven",
  "game-control_panel_01": "Control Panel",
  "game-control_panel_02": "Control Panel",
  "game-control_panel_03": "a computer terminal",
  "game-control_panel_04": "a computer terminal",
  "game-control_panel_06": "a computer terminal",
  "game-power_box_01": "a power box",
  "game-airdrop_crate_01": "Air Drop",
  "game-airdrop_crate_02": "Air Drop",
  "game-stove_01": "a stove",
  "game-grill_01": "a grill",
  "game-propane_01": "a propane tank",
  "index-play-50v50": "Play 50v50",
  "index-50v50": "50v50",
  "game-red-team": "Red Team",
  "game-blue-team": "Blue Team",
  "game-red-leader": "Red Commander",
  "game-blue-leader": "Blue Commander",
  "game-is-down": "is down",
  "game-is-dead": "is dead",
  "game-promoted-to": "promoted to",
  "game-youve-been-promoted-to": "You've been promoted to",
  "game-leader": "Commander",
  "game-captain": "Captain",
  "game-lieutenant": "Lieutenant",
  "game-medic": "Medic",
  "game-marksman": "Marksman",
  "game-recon": "Recon",
  "game-grenadier": "Grenadier",
  "game-bugler": "Bugler",
  "game-kill_leader": "Kill Leader",
  "game-the_hunted": "The Hunted",
  "game-last_man": "Lone Survivr",
  "game-woods_king": "The Woods King",
  "game-healer": "Medic",
  "game-demo": "Demo",
  "game-tank": "Tank",
  "game-scout": "Scout",
  "game-sniper": "Sniper",
  "game-assault": "Assault",
  "game-select-class": "SELECT A CLASS",
  "game-enter-game": "ENTER GAME",
  "game-leadership": "Leadership",
  "game-leadership-desc": "Max adrenaline.</br>Increased size.",
  "game-assume_leadership": "Assume Leadership",
  "game-assume_leadership-desc": "Half-full adrenaline.</br>Slightly increased size.",
  "game-firepower": "Firepower",
  "game-firepower-desc": "High-capacity magazines.",
  "game-gotw": "Gift of the Woods",
  "game-gotw-desc": "Restore health over time.</br>Increased size.",
  "game-windwalk": "Windwalk",
  "game-windwalk-desc": "When taking fire, gain a short burst of speed.",
  "game-rare_potato": "Rare Potato",
  "game-rare_potato-desc": "Always rotate to a high quality weapon.",
  "game-aoe_heal": "Mass Medicate",
  "game-aoe_heal-desc": "Reviving and using medical items affects all nearby players.",
  "game-endless_ammo": "Endless Ammo",
  "game-endless_ammo-desc": "Guns always reload to full.",
  "game-steelskin": "Cast Ironskin",
  "game-steelskin-desc": "Take reduced damage and reflect enemy bullets.</br>Increased size.",
  "game-ap_rounds": "AP Rounds",
  "game-ap_rounds-desc": "Bullets are more effective against armored enemies and obstacles.",
  "game-splinter": "Splinter Rounds",
  "game-splinter-desc": "Rounds fragment into three less powerful bullets.",
  "game-small_arms": "Small Arms",
  "game-small_arms-desc": "Move faster with weapons deployed.</br>Decreased size.",
  "game-takedown": "Takedown",
  "game-takedown-desc": "Kills grant health, boost and a short burst of speed.",
  "game-field_medic": "Combat Medic",
  "game-field_medic-desc": "Move quickly while healing.",
  "game-tree_climbing": "One With Nature",
  "game-tree_climbing-desc": "Move through trees. Move faster in water.",
  "game-scavenger": "Scavenger",
  "game-scavenger-desc": "Obstacles drop additional items when destroyed.",
  "game-scavenger_adv": "Master Scavenger",
  "game-scavenger_adv-desc": "Obstacles drop additional high-quality items when destroyed.",
  "game-hunted": "The Hunted",
  "game-hunted-desc": "Your location is revealed to all enemies.",
  "game-chambered": "One In The Chamber",
  "game-chambered-desc": "First and last round in each magazine deal bonus damage.</br>Does not apply to shotguns.",
  "game-martyrdom": "Martyrdom",
  "game-martyrdom-desc": "Release several live grenades upon death.",
  "game-targeting": "High-Value Targets",
  "game-targeting-desc": "Bullets deal bonus damage to players with perks.",
  "game-bonus_45": ".45 In The Chamber",
  "game-bonus_45-desc": ".45 ACP bullets deal bonus damage.",
  "game-broken_arrow": "Broken Arrow",
  "game-broken_arrow-desc": "Air strikes call in two additional fighters.",
  "game-fabricate": "Fabricate",
  "game-fabricate-desc": "Periodically fill your pack with frag grenades.",
  "game-self_revive": "Revivify",
  "game-self_revive-desc": "You can revive yourself when downed.",
  "game-bonus_9mm": "9mm Overpressure",
  "game-bonus_9mm-desc": "9mm bullets have increased speed, range, damage and spread.",
  "game-flak_jacket": "Flak Jacket",
  "game-flak_jacket-desc": "Greatly reduces damage from explosions and shrapnel.",
  "game-explosive": "Explosive Rounds",
  "game-explosive-desc": "Bullets explode on impact.",
  "game-bonus_assault": "Hollow-points",
  "game-bonus_assault-desc": "All your bullets deal bonus damage.",
  "game-inspiration": "Inspiration",
  "game-inspiration-desc": "Your bugle call grants nearby allies a short burst of speed.",
  "game-final_bugle": "Last Breath",
  "game-final_bugle-desc": "When you die, nearby allies are bloodlusted for a short period of time.",
  "game-halloween_mystery": "Trick or Treat?",
  "game-halloween_mystery-desc": "Could be either.",
  "game-trick_nothing": "One With Nothing",
  "game-trick_nothing-desc": "Tricked! This perk does absolutely nothing!",
  "game-trick_size": "Feedership",
  "game-trick_size-desc": "Tricked! You ate too much chicken and grew in size!",
  "game-trick_m9": "Dev Troll Special",
  "game-trick_m9-desc": "Tricked! You've been cursed with a developer 'treat'!",
  "game-trick_chatty": "Gabby Ghost",
  "game-trick_chatty-desc": "Tricked! You're emoting randomly!",
  "game-trick_drain": "That Sucks",
  "game-trick_drain-desc": "Tricked! You're bleeding very, very, VERY slowly!",
  "game-treat_9mm": "Candy Corn",
  "game-treat_9mm-desc": "Treat! 9mm bullets are darker and deadlier.",
  "game-treat_12g": "Red Jelly Beans",
  "game-treat_12g-desc": "Treat! 12 gauge pellets are darker and deadlier.",
  "game-treat_556": "Sour Apple Belt",
  "game-treat_556-desc": "Treat! 5.56mm bullets are darker and deadlier.",
  "game-treat_762": "Blueberry Taffy",
  "game-treat_762-desc": "Treat! 7.62mm bullets are darker and deadlier.",
  "game-treat_super": "Full Size OKAMI Bar",
  "game-treat_super-desc": "Super Treat! ALL your bullets are darker and deadlier.",
  "game-turkey_shoot": "Perky Shoot",
  "game-turkey_shoot-desc": "Gobble, gobble!",
  "game-xp-drop-desc": "Pass XP",
  "game-xp_book_tallow": "Tallow's Journal",
  "game-xp_book_greene": "Greene's Infinite Wisdom",
  "game-xp_book_parma": "The PARMA Papers",
  "game-xp_book_nevelskoy": "The Nevelskoy Report",
  "game-xp_book_rinzo": "Rinzō's Log",
  "game-xp_book_kuga": "Memoirs of Kuga Kairyū",
  "game-xp_glasses": "Lenz's Spectacles",
  "game-xp_compass": "Amélie's True Compass",
  "game-xp_stump": "Ravenstone's Bloody Stump",
  "game-xp_bone": "Bone of Gordon",
  "game-xp_donut": "Cake Donut"
}
