{
  "id": "551d873f-83e7-4a2f-8e79-0e88a42cbb85",
  "prevId": "f29c0dbf-4b4b-4e90-a626-a5881dc74551",
  "version": "7",
  "dialect": "postgresql",
  "tables": {
    "public.banned_ips": {
      "name": "banned_ips",
      "schema": "",
      "columns": {
        "created_at": {
          "name": "created_at",
          "type": "timestamp with time zone",
          "primaryKey": false,
          "notNull": true,
          "default": "now()"
        },
        "expries_in": {
          "name": "expries_in",
          "type": "timestamp",
          "primaryKey": false,
          "notNull": true
        },
        "encoded_ip": {
          "name": "encoded_ip",
          "type": "text",
          "primaryKey": true,
          "notNull": true
        },
        "permanent": {
          "name": "permanent",
          "type": "boolean",
          "primaryKey": false,
          "notNull": true,
          "default": false
        },
        "reason": {
          "name": "reason",
          "type": "text",
          "primaryKey": false,
          "notNull": true,
          "default": "''"
        },
        "banned_by": {
          "name": "banned_by",
          "type": "text",
          "primaryKey": false,
          "notNull": true,
          "default": "'admin'"
        }
      },
      "indexes": {},
      "foreignKeys": {},
      "compositePrimaryKeys": {},
      "uniqueConstraints": {},
      "policies": {},
      "checkConstraints": {},
      "isRLSEnabled": false
    },
    "public.ip_logs": {
      "name": "ip_logs",
      "schema": "",
      "columns": {
        "id": {
          "name": "id",
          "type": "serial",
          "primaryKey": true,
          "notNull": true
        },
        "created_at": {
          "name": "created_at",
          "type": "timestamp with time zone",
          "primaryKey": false,
          "notNull": true,
          "default": "now()"
        },
        "region": {
          "name": "region",
          "type": "text",
          "primaryKey": false,
          "notNull": true
        },
        "game_id": {
          "name": "game_id",
          "type": "text",
          "primaryKey": false,
          "notNull": true
        },
        "map_id": {
          "name": "map_id",
          "type": "integer",
          "primaryKey": false,
          "notNull": true
        },
        "username": {
          "name": "username",
          "type": "text",
          "primaryKey": false,
          "notNull": true
        },
        "user_id": {
          "name": "user_id",
          "type": "text",
          "primaryKey": false,
          "notNull": false,
          "default": "''"
        },
        "encoded_ip": {
          "name": "encoded_ip",
          "type": "text",
          "primaryKey": false,
          "notNull": true
        },
        "team_mode": {
          "name": "team_mode",
          "type": "integer",
          "primaryKey": false,
          "notNull": true,
          "default": 1
        },
        "ip": {
          "name": "ip",
          "type": "text",
          "primaryKey": false,
          "notNull": true
        },
        "find_game_ip": {
          "name": "find_game_ip",
          "type": "text",
          "primaryKey": false,
          "notNull": true
        },
        "find_game_encoded_ip": {
          "name": "find_game_encoded_ip",
          "type": "text",
          "primaryKey": false,
          "notNull": true
        }
      },
      "indexes": {
        "name_created_at_idx": {
          "name": "name_created_at_idx",
          "columns": [
            {
              "expression": "username",
              "isExpression": false,
              "asc": true,
              "nulls": "last"
            },
            {
              "expression": "created_at",
              "isExpression": false,
              "asc": true,
              "nulls": "last"
            }
          ],
          "isUnique": false,
          "concurrently": false,
          "method": "btree",
          "with": {}
        }
      },
      "foreignKeys": {},
      "compositePrimaryKeys": {},
      "uniqueConstraints": {},
      "policies": {},
      "checkConstraints": {},
      "isRLSEnabled": false
    },
    "public.items": {
      "name": "items",
      "schema": "",
      "columns": {
        "user_id": {
          "name": "user_id",
          "type": "text",
          "primaryKey": false,
          "notNull": true
        },
        "type": {
          "name": "type",
          "type": "text",
          "primaryKey": false,
          "notNull": true
        },
        "time_acquired": {
          "name": "time_acquired",
          "type": "bigint",
          "primaryKey": false,
          "notNull": true
        },
        "source": {
          "name": "source",
          "type": "text",
          "primaryKey": false,
          "notNull": true,
          "default": "'unlock_new_account'"
        },
        "status": {
          "name": "status",
          "type": "integer",
          "primaryKey": false,
          "notNull": true,
          "default": 0
        }
      },
      "indexes": {},
      "foreignKeys": {
        "items_user_id_users_id_fk": {
          "name": "items_user_id_users_id_fk",
          "tableFrom": "items",
          "tableTo": "users",
          "columnsFrom": [
            "user_id"
          ],
          "columnsTo": [
            "id"
          ],
          "onDelete": "cascade",
          "onUpdate": "cascade"
        }
      },
      "compositePrimaryKeys": {},
      "uniqueConstraints": {},
      "policies": {},
      "checkConstraints": {},
      "isRLSEnabled": false
    },
    "public.match_data": {
      "name": "match_data",
      "schema": "",
      "columns": {
        "user_id": {
          "name": "user_id",
          "type": "text",
          "primaryKey": false,
          "notNull": false,
          "default": "''"
        },
        "user_banned": {
          "name": "user_banned",
          "type": "boolean",
          "primaryKey": false,
          "notNull": false,
          "default": false
        },
        "created_at": {
          "name": "created_at",
          "type": "timestamp with time zone",
          "primaryKey": false,
          "notNull": true,
          "default": "now()"
        },
        "region": {
          "name": "region",
          "type": "text",
          "primaryKey": false,
          "notNull": true
        },
        "map_id": {
          "name": "map_id",
          "type": "integer",
          "primaryKey": false,
          "notNull": true
        },
        "game_id": {
          "name": "game_id",
          "type": "uuid",
          "primaryKey": false,
          "notNull": true
        },
        "map_seed": {
          "name": "map_seed",
          "type": "bigint",
          "primaryKey": false,
          "notNull": true
        },
        "username": {
          "name": "username",
          "type": "text",
          "primaryKey": false,
          "notNull": true
        },
        "player_id": {
          "name": "player_id",
          "type": "integer",
          "primaryKey": false,
          "notNull": true
        },
        "team_mode": {
          "name": "team_mode",
          "type": "integer",
          "primaryKey": false,
          "notNull": true
        },
        "team_count": {
          "name": "team_count",
          "type": "integer",
          "primaryKey": false,
          "notNull": true
        },
        "team_total": {
          "name": "team_total",
          "type": "integer",
          "primaryKey": false,
          "notNull": true
        },
        "team_id": {
          "name": "team_id",
          "type": "integer",
          "primaryKey": false,
          "notNull": true
        },
        "time_alive": {
          "name": "time_alive",
          "type": "integer",
          "primaryKey": false,
          "notNull": true
        },
        "rank": {
          "name": "rank",
          "type": "integer",
          "primaryKey": false,
          "notNull": true
        },
        "died": {
          "name": "died",
          "type": "boolean",
          "primaryKey": false,
          "notNull": true
        },
        "kills": {
          "name": "kills",
          "type": "integer",
          "primaryKey": false,
          "notNull": true
        },
        "team_kills": {
          "name": "team_kills",
          "type": "integer",
          "primaryKey": false,
          "notNull": true,
          "default": 0
        },
        "damage_dealt": {
          "name": "damage_dealt",
          "type": "integer",
          "primaryKey": false,
          "notNull": true
        },
        "damage_taken": {
          "name": "damage_taken",
          "type": "integer",
          "primaryKey": false,
          "notNull": true
        },
        "killer_id": {
          "name": "killer_id",
          "type": "integer",
          "primaryKey": false,
          "notNull": true
        },
        "killed_ids": {
          "name": "killed_ids",
          "type": "integer[]",
          "primaryKey": false,
          "notNull": true
        }
      },
      "indexes": {
        "idx_match_data_user_stats": {
          "name": "idx_match_data_user_stats",
          "columns": [
            {
              "expression": "user_id",
              "isExpression": false,
              "asc": true,
              "nulls": "last"
            },
            {
              "expression": "team_mode",
              "isExpression": false,
              "asc": true,
              "nulls": "last"
            },
            {
              "expression": "rank",
              "isExpression": false,
              "asc": true,
              "nulls": "last"
            },
            {
              "expression": "kills",
              "isExpression": false,
              "asc": true,
              "nulls": "last"
            },
            {
              "expression": "damage_dealt",
              "isExpression": false,
              "asc": true,
              "nulls": "last"
            },
            {
              "expression": "time_alive",
              "isExpression": false,
              "asc": true,
              "nulls": "last"
            }
          ],
          "isUnique": false,
          "concurrently": false,
          "method": "btree",
          "with": {}
        },
        "idx_game_id": {
          "name": "idx_game_id",
          "columns": [
            {
              "expression": "game_id",
              "isExpression": false,
              "asc": true,
              "nulls": "last"
            }
          ],
          "isUnique": false,
          "concurrently": false,
          "method": "btree",
          "with": {}
        },
        "idx_user_id": {
          "name": "idx_user_id",
          "columns": [
            {
              "expression": "user_id",
              "isExpression": false,
              "asc": true,
              "nulls": "last"
            }
          ],
          "isUnique": false,
          "concurrently": false,
          "method": "btree",
          "with": {}
        },
        "idx_match_data_team_query": {
          "name": "idx_match_data_team_query",
          "columns": [
            {
              "expression": "team_mode",
              "isExpression": false,
              "asc": true,
              "nulls": "last"
            },
            {
              "expression": "map_id",
              "isExpression": false,
              "asc": true,
              "nulls": "last"
            },
            {
              "expression": "created_at",
              "isExpression": false,
              "asc": true,
              "nulls": "last"
            },
            {
              "expression": "game_id",
              "isExpression": false,
              "asc": true,
              "nulls": "last"
            },
            {
              "expression": "team_id",
              "isExpression": false,
              "asc": true,
              "nulls": "last"
            },
            {
              "expression": "region",
              "isExpression": false,
              "asc": true,
              "nulls": "last"
            },
            {
              "expression": "kills",
              "isExpression": false,
              "asc": true,
              "nulls": "last"
            }
          ],
          "isUnique": false,
          "concurrently": false,
          "method": "btree",
          "with": {}
        }
      },
      "foreignKeys": {},
      "compositePrimaryKeys": {},
      "uniqueConstraints": {},
      "policies": {},
      "checkConstraints": {},
      "isRLSEnabled": false
    },
    "public.session": {
      "name": "session",
      "schema": "",
      "columns": {
        "id": {
          "name": "id",
          "type": "text",
          "primaryKey": true,
          "notNull": true
        },
        "user_id": {
          "name": "user_id",
          "type": "text",
          "primaryKey": false,
          "notNull": true
        },
        "expires_at": {
          "name": "expires_at",
          "type": "timestamp",
          "primaryKey": false,
          "notNull": true
        }
      },
      "indexes": {},
      "foreignKeys": {
        "session_user_id_users_id_fk": {
          "name": "session_user_id_users_id_fk",
          "tableFrom": "session",
          "tableTo": "users",
          "columnsFrom": [
            "user_id"
          ],
          "columnsTo": [
            "id"
          ],
          "onDelete": "cascade",
          "onUpdate": "cascade"
        }
      },
      "compositePrimaryKeys": {},
      "uniqueConstraints": {},
      "policies": {},
      "checkConstraints": {},
      "isRLSEnabled": false
    },
    "public.users": {
      "name": "users",
      "schema": "",
      "columns": {
        "id": {
          "name": "id",
          "type": "text",
          "primaryKey": true,
          "notNull": true
        },
        "auth_id": {
          "name": "auth_id",
          "type": "text",
          "primaryKey": false,
          "notNull": true
        },
        "slug": {
          "name": "slug",
          "type": "text",
          "primaryKey": false,
          "notNull": true
        },
        "banned": {
          "name": "banned",
          "type": "boolean",
          "primaryKey": false,
          "notNull": true,
          "default": false
        },
        "ban_reason": {
          "name": "ban_reason",
          "type": "text",
          "primaryKey": false,
          "notNull": true,
          "default": "''"
        },
        "banned_by": {
          "name": "banned_by",
          "type": "text",
          "primaryKey": false,
          "notNull": true,
          "default": "''"
        },
        "username": {
          "name": "username",
          "type": "text",
          "primaryKey": false,
          "notNull": true,
          "default": "''"
        },
        "username_set": {
          "name": "username_set",
          "type": "boolean",
          "primaryKey": false,
          "notNull": true,
          "default": false
        },
        "user_created": {
          "name": "user_created",
          "type": "timestamp with time zone",
          "primaryKey": false,
          "notNull": true,
          "default": "now()"
        },
        "last_username_change_time": {
          "name": "last_username_change_time",
          "type": "timestamp",
          "primaryKey": false,
          "notNull": false
        },
        "linked": {
          "name": "linked",
          "type": "boolean",
          "primaryKey": false,
          "notNull": true,
          "default": false
        },
        "linked_google": {
          "name": "linked_google",
          "type": "boolean",
          "primaryKey": false,
          "notNull": true,
          "default": false
        },
        "linked_discord": {
          "name": "linked_discord",
          "type": "boolean",
          "primaryKey": false,
          "notNull": true,
          "default": false
        },
        "loadout": {
          "name": "loadout",
          "type": "json",
          "primaryKey": false,
          "notNull": true,
          "default": "'{\"outfit\":\"outfitBase\",\"melee\":\"fists\",\"heal\":\"heal_basic\",\"boost\":\"boost_basic\",\"player_icon\":\"\",\"crosshair\":{\"type\":\"crosshair_default\",\"color\":16777215,\"size\":\"1.00\",\"stroke\":\"0.00\"},\"emotes\":[\"emote_happyface\",\"emote_thumbsup\",\"emote_surviv\",\"emote_sadface\",\"\",\"\"]}'::json"
        }
      },
      "indexes": {},
      "foreignKeys": {},
      "compositePrimaryKeys": {},
      "uniqueConstraints": {
        "users_slug_unique": {
          "name": "users_slug_unique",
          "nullsNotDistinct": false,
          "columns": [
            "slug"
          ]
        }
      },
      "policies": {},
      "checkConstraints": {},
      "isRLSEnabled": false
    }
  },
  "enums": {},
  "schemas": {},
  "sequences": {},
  "roles": {},
  "policies": {},
  "views": {},
  "_meta": {
    "columns": {},
    "schemas": {},
    "tables": {}
  }
}