{
  "@metadata": {
    "last-updated": "2018-05-26",
    "locale": "en"
  },
  "word-order": "svo",
  "index-privacy": "privacy",
  "index-go": "Go",
  "index-leaderboards": "Leaderboards",
  "index-my-stats": "My Stats",
  "index-search-players": "Search Players",
  "index-play-survevio": "Play survev.io!",
  "stats-rank": "Rank",
  "stats-most-kills": "Most kills",
  "stats-total-kills": "Total kills",
  "stats-wins": "Wins",
  "stats-total-wins": "Total wins",
  "stats-top-5-percent": "Top 5 percent",
  "stats-kill-death-ratio": "K/D",
  "stats-today": "Today",
  "stats-this-week": "This week",
  "stats-all-time": "All time",
  "stats-preseason": "Preseason",
  "stats-top-100": "TOP 100",
  "stats-player": "Player",
  "stats-games": "Games",
  "stats-rating": "Rating",
  "stats-win-pct": "Win %",
  "stats-top-5": "Top 5 %",
  "stats-win-streak": "Win streak",
  "stats-kdr": "K/D",
  "stats-kpg": "K/G",
  "stats-kpg-full": "Kills per game",
  "stats-most-damage": "Most damage",
  "stats-avg-damage": "Avg damage",
  "stats-avg-kills": "Avg kills",
  "stats-avg-survived": "Avg survived time",
  "stats-region": "Region",
  "stats-north-america": "North America",
  "stats-europe": "Europe",
  "stats-asia": "Asia",
  "stats-players": "players",
  "stats-solo": "Solo",
  "stats-duo": "Duo",
  "stats-squad": "Squad",
  "stats-solo-rank": "Solo Rank",
  "stats-duo-rank": "Duo Rank",
  "stats-squad-rank": "Squad Rank",
  "stats-team-kills": "Team Kills",
  "stats-kill": "Kill",
  "stats-kills": "Kills",
  "stats-damage-dealt": "Damage Dealt",
  "stats-damage-taken": "Damage Taken",
  "stats-survived": "survived",
  "stats-banned": "(Account banned)",
  "game-backpack00": "Pouch",
  "game-backpack01": "Small Pack",
  "game-backpack02": "Regular Pack",
  "game-backpack03": "Military Pack",
  "game-bandage": "Bandage",
  "game-healthkit": "Med Kit",
  "game-soda": "Soda",
  "game-painkiller": "Pills",
  "game-9mm": "9mm",
  "game-12gauge": "12 gauge",
  "game-762mm": "7.62mm",
  "game-556mm": "5.56mm",
  "game-50AE": ".50 AE",
  "game-chest01": "Level 1 Vest",
  "game-chest02": "Level 2 Vest",
  "game-chest03": "Level 3 Vest",
  "game-helmet01": "Level 1 Helmet",
  "game-helmet02": "Level 2 Helmet",
  "game-helmet03": "Level 3 Helmet",
  "game-1xscope": "1x Scope",
  "game-2xscope": "2x Scope",
  "game-4xscope": "4x Scope",
  "game-8xscope": "8x Scope",
  "game-15xscope": "15x Scope",
  "game-level-1": "Lvl. 1",
  "game-level-2": "Lvl. 2",
  "game-level-3": "Lvl. 3",
  "game-outfitBase": "Basic Outfit",
  "game-outfitRoyalFortune": "Royal Fortune",
  "game-outfitKeyLime": "Key Lime",
  "game-outfitCobaltShell": "Cobalt Shell",
  "game-outfitCarbonFiber": "Carbon Fiber",
  "game-outfitDarkGloves": "The Professional",
  "game-outfitGhillie": "Ghillie Suit",
  "game-outfitCamo": "Forest Camo",
  "game-outfitRed": "Target Practice",
  "game-outfitWhite": "Arctic Avenger",
  "game-outfitWoodland": "Woodland Combat",
  "game-outfitJester": "Jester's Folly",
  "game-outfitPrisoner": "The New Black",
  "game-outfitCasanova": "Casanova Silks",
  "game-outfitKhaki": "The Initiative",
  "game-fists": "Fists",
  "game-ak47": "AK-47",
  "game-scar": "SCAR-H",
  "game-dp28": "DP-28",
  "game-mosin": "Mosin Nagant",
  "game-m39": "M39 EMR",
  "game-mp5": "MP5",
  "game-mac10": "MAC-10",
  "game-ump9": "UMP9",
  "game-vector": "Vector",
  "game-m870": "M870",
  "game-mp220": "MP220",
  "game-saiga": "Saiga-12",
  "game-m9": "M9",
  "game-m9_dual": "Dual M9",
  "game-glock": "G18C",
  "game-glock_dual": "Dual G18C",
  "game-ot38": "OT-38",
  "game-ot38_dual": "Dual OT-38",
  "game-deagle": "DEagle 50",
  "game-deagle_dual": "Dual DEagle 50",
  "game-famas": "FAMAS",
  "game-hk416": "M416",
  "game-mk12": "Mk 12 SPR",
  "game-m249": "M249",
  "game-frag": "Frag Grenade",
  "game-smoke": "Smoke Grenade",
  "game-barrel_01": "a barrel",
  "game-silo_01": "a silo",
  "game-oven_01": "an oven",
  "game-control_panel_01": "Control Panel",
  "game-control_panel_02": "Control Panel",
  "game-control_panel_03": "a computer terminal",
  "game-power_box_01": "a power box"
}
